,ids,Name,Location+
0,594835,"Gonzales, Marco",102.7008054613659
1,645261,"Alcantara, Sandy",105.10443822096312
2,571945,"Mikolas, Miles",105.23702082455988
3,615698,"Quantrill, Cal",103.54395553686771
4,608344,"Irvin, Cole",104.958594006753
5,543475,"Lyles, Jordan",103.52389193961936
6,657277,"Webb, Logan",105.33685394364927
7,607536,"Freeland, Kyle",101.67949605727932
8,518876,"Kelly, Merrill",102.57782615171072
9,664285,"Valdez, Framber",103.24272439841477
10,669456,"Bieber, Shane",104.86018555526788
11,666201,"Manoah, Alek",104.35550510078468
12,592791,"Taillon, Jameson",104.12315342142128
13,669302,"Gilbert, Logan",104.86939625516835
14,605400,"Nola, Aaron",105.9699879784959
15,571578,"Corbin, Patrick",104.0527788883965
16,518516,"Bumgarner, Madison",102.82889372199546
17,608331,"Fried, Max",102.93832289714518
18,542881,"Anderson, Tyler",104.41566111696676
19,506433,"Darvish, Yu",106.19292026325634
20,656756,"Montgomery, Jordan",105.5158668411299
21,601713,"Pivetta, Nick",102.77432435862728
22,502043,"Gibson, Kyle",103.33676718075364
23,605135,"Bassitt, Chris",104.57887374294964
24,456501,"Cueto, Johnny",103.0369675841252
25,663474,"McKenzie, Triston",104.9273840307322
26,657140,"Wright, Kyle",104.99307152559408
27,605397,"Musgrove, Joe",105.03010091407286
28,592662,"Ray, Robbie",104.446710404074
29,592332,"Gausman, Kevin",109.45335577438928
30,669203,"Burnes, Corbin",103.53144000831628
31,543037,"Cole, Gerrit",104.86494633682427
32,656605,"Keller, Mitch",102.3713871996276
33,605164,"Bundy, Dylan",105.27720498881332
34,592836,"Walker, Taijuan",104.72958476505802
35,668678,"Gallen, Zac",104.2867397918221
36,640455,"Manaea, Sean",104.09595610564844
37,641540,"Dunning, Dane",101.95859734586335
38,641745,"Keller, Brad",100.39577053788648
39,608337,"Giolito, Lucas",103.78483962270144
40,641712,"Hudson, Dakota",101.3296987451326
41,641771,"Kuhl, Chad",102.39611660604302
42,471911,"Carrasco, Carlos",105.16607156965752
43,623167,"Flexen, Chris",101.40277730791767
44,450203,"Morton, Charlie",103.23553518416485
45,656302,"Cease, Dylan",103.77127458404831
46,641778,"Lauer, Eric",103.5010624385884
47,677651,"Garcia, Luis",102.24559852410572
48,664141,"Brubaker, JT",104.47245752948086
49,592789,"Syndergaard, Noah",104.5571707205025
50,502171,"Cobb, Alex",104.79133983056964
51,668676,"Plesac, Zach",103.98228724420451
52,663903,"Singer, Brady",104.48783538187152
53,656876,"Rasmussen, Drew",105.9220290205628
54,663776,"Sandoval, Patrick",102.90040336215992
55,607200,"Fedde, Erick",101.87927610414444
56,663738,"Lynch, Daniel",103.24695852157951
57,680686,"Gray, Josiah",102.93365001349416
58,621076,"Kaprielian, James",102.50256611615876
59,593423,"Montas, Frankie",104.43791347866824
60,605200,"Davies, Zach",99.7642266377891
61,641482,"Cortes, Nestor",105.7268019015176
62,663460,"Bubic, Kris",101.08713709331975
63,573186,"Stroman, Marcus",104.13218544345465
64,663556,"McClanahan, Shane",104.74137519437502
65,605507,"Thompson, Zach",102.37645597395004
66,657248,"Otto, Glenn",101.20421654962117
67,554430,"Wheeler, Zack",104.59908428531142
68,548389,"Stripling, Ross",106.3041029935958
69,596295,"Gomber, Austin",103.6971258563832
70,657746,"Ryan, Joe",105.63073005969144
71,660271,"Ohtani, Shohei",106.25053721558976
72,622491,"Castillo, Luis",103.85468931045672
73,669060,"Wilson, Bryse",102.13205928076364
74,665152,"Kremer, Dean",103.9914629491966
75,669923,"Kirby, George",105.506387707957
76,622072,"Wood, Alex",105.18808629073597
77,605540,"Woodruff, Brandon",104.91433033852296
78,608379,"Wacha, Michael",102.84123430767562
79,448179,"Hill, Rich",105.5077115054889
80,605488,"Springs, Jeffrey",104.68401603531534
81,502179,"Espino, Paolo",103.75790440112064
82,672282,"Detmers, Reid",103.52934575566638
83,657093,"Watkins, Spenser",103.57690511456654
84,458681,"Lynn, Lance",104.2983323096657
85,453286,"Scherzer, Max",106.33444610485074
86,668933,"Ashcraft, Graham",103.03450367834864
87,571800,"Hutchison, Drew",102.71394701713322
88,596001,"Junis, Jakob",105.46052590181608
89,605182,"Clevinger, Mike",103.7114377950784
90,680694,"Bradish, Kyle",101.13123503582656
91,669467,"Pallante, Andre",101.2178080726181
92,621112,"Blackburn, Paul",102.38031318053945
93,669169,"Heasley, Jonathan",101.77366387946608
94,592351,"Gray, Jon",105.60781061655436
95,666120,"Anderson, Ian",101.67845134822902
96,641302,"Alexander, Tyler",103.79087842116678
97,664062,"Gonsolin, Tony",105.89995487958396
98,605288,"Houser, Adrian",100.70521549345946
99,543135,"Eovaldi, Nathan",106.49516691247264
100,664299,"Javier, Cristian",104.0094803917506
101,622608,"Senzatela, Antonio",102.43941330991444
102,501985,"Minor, Mike",102.05397226877665
103,641816,"Mahle, Tyler",102.64408832743332
104,657006,"Steele, Justin",103.41087560296424
105,477132,"Kershaw, Clayton",106.24505912113604
106,543243,"Gray, Sonny",103.2924470406437
107,543606,"Odorizzi, Jake",103.47491816542455
108,656629,"Kopech, Michael",102.09795734051032
109,669373,"Skubal, Tarik",105.88871856402238
110,592716,"Sampson, Adrian",102.09810788215286
111,624522,"Thompson, Keegan",102.8415647296278
112,592767,"Smyly, Drew",105.6486648829813
113,669952,"White, Mitch",103.31921927046704
114,669432,"Rogers, Trevor",102.59505645168834
115,608723,"Voth, Austin",104.08886843191154
116,669330,"Wells, Tyler",104.61980360009812
117,605483,"Snell, Blake",103.64276920595314
118,668881,"Greene, Hunter",104.41604186032122
119,607259,"Martinez, Nick",104.2903131486316
120,621368,"Hearn, Taylor",103.66403569286206
121,663372,"Feltner, Ryan",102.27194809999588
122,502042,"Archer, Chris",102.18126095277634
123,676879,"Ashby, Aaron",105.01856763836184
124,593958,"Rodriguez, Eduardo",102.36065706895944
125,672710,"Contreras, Roansy",104.38014581535153
126,650644,"Civale, Aaron",103.91120580127348
127,675911,"Strider, Spencer",104.76132185121858
128,547179,"Lorenzen, Michael",103.0166170489378
129,656849,"Peterson, David",100.45017995699124
130,579328,"Kikuchi, Yusei",102.05934597181816
131,543294,"Hendricks, Kyle",102.80270601184766
132,642232,"Yarbrough, Ryan",105.15665078091553
133,592866,"Williams, Trevor",103.32793189009264
134,689225,"Brieske, Beau",101.9101989060051
135,622663,"Severino, Luis",104.00105245420748
136,669145,"Zimmermann, Bruce",103.68360018959304
137,666157,"Lodolo, Nick",104.37897948102322
138,663559,"Falter, Bailey",106.2271270718256
139,670124,"Oller, Adam",101.635562626507
140,666129,"Garrett, Braxton",106.35976340872722
141,570666,"Cessa, Luis",103.23155184542836
142,669920,"Alexander, Jason",102.11302851445194
143,670174,"Winckowski, Josh",102.1725889843012
144,643511,"Rogers, Tyler",103.46329824878232
145,669211,"Akin, Keegan",106.38516292039264
146,621107,"Eflin, Zach",104.61105931670323
147,572971,"Keuchel, Dallas",100.21635796891948
148,656970,"Smeltzer, Devin",103.48215847343174
149,676710,"Crawford, Kutter",102.58042639179364
150,592826,"Velasquez, Vince",103.43242974419724
151,640444,"Crowe, Wil",101.06121739336956
152,680739,"Winder, Josh",103.51139968302094
153,605154,"Brebbia, John",106.06069619376945
154,643256,"Cimber, Adam",104.96295404997436
155,676477,"Whitlock, Garrett",105.38227335301512
156,595881,"Beede, Tyler",99.81925009898023
157,676664,"Sears, JP",102.3462596554326
158,656271,"Burke, Brock",103.33767989714906
159,672851,"Adon, Joan",101.67724173377653
160,622253,"Tate, Dillon",105.83621285408373
161,592717,"Sanchez, Aaron",102.84962219349036
162,642547,"Peralta, Freddy",102.68435024419448
163,671345,"Foley, Jason",104.89458935296408
164,663436,"Martin, Davis",104.72905232071436
165,592761,"Smith, Caleb",103.72147558825114
166,621111,"Buehler, Walker",103.42108070559262
167,656793,"Nelson, Nick",101.86061145051872
168,669022,"Gore, MacKenzie",103.4911174273249
169,592858,"Wick, Rowan",103.40865017100828
170,666159,"Manning, Matt",103.28118495803048
171,608718,"Suter, Brent",102.98414872771136
172,656657,"Logue, Zach",100.28532508870336
173,608717,"Stratton, Chris",103.93911625464736
174,622503,"Crismatt, Nabil",103.5377053015182
175,608665,"Graveman, Kendall",102.57849770133444
176,453343,"Melancon, Mark",102.67148782303283
177,682051,"Hill, Garrett",101.753079774325
178,643377,"Jax, Griffin",107.85139045521902
179,642758,"Acevedo, Domingo",104.1894197833011
180,605130,"Barlow, Scott",104.860808726467
181,641329,"Baker, Bryan",104.21621699686688
182,571948,"Milner, Hoby",101.7842432353306
183,518489,"Brasier, Ryan",107.84581097623028
184,623474,"Herget, Jimmy",104.20382088620892
185,678394,"Bello, Brayan",103.1057031378828
186,519326,"Strickland, Hunter",102.32581088136794
187,676684,"Vest, Will",102.69761478101144
188,661403,"Clase, Emmanuel",109.19972588469848
189,519043,"Moore, Matt",104.12130389488505
190,605242,"Fulmer, Michael",100.00627685266043
191,542888,"Armstrong, Shawn",106.0971828886179
192,607625,"Lugo, Seth",103.6163754938986
193,542914,"Bass, Anthony",106.20219715012598
194,606303,"Payamps, Joel",101.73170848358087
195,669270,"Kuhnel, Joel",104.95708777474594
196,665665,"Sanmartin, Reiver",101.29375188055008
197,543766,"Shaw, Bryan",102.73134255533684
198,542947,"Bleier, Richard",105.60115548079978
199,571901,"Loup, Aaron",102.98332806186934
200,543521,"McHugh, Collin",107.7709437086972
201,607216,"Krehbiel, Joey",101.28111142454776
202,596112,"Stephenson, Robert",105.95376364406016
203,667463,"King, John",103.24439772401028
204,664208,"Maton, Phil",103.73180687087154
205,682171,"Murfee, Penn",107.271996309585
206,640448,"Finnegan, Kyle",104.66918794015592
207,643493,"Pruitt, Austin",104.2870682651899
208,669395,"Coleman, Dylan",102.21930515615556
209,663455,"Pilkington, Konnor",100.3210859674528
210,656412,"Faedo, Alex",102.26034148504746
211,665795,"Cabrera, Edward",101.36865550044584
212,475479,"Phelps, David",101.271432633524
213,573009,"Mantiply, Joe",106.19477305785291
214,518553,"Cishek, Steve",102.66079921204924
215,666808,"Doval, Camilo",103.70953737090215
216,571760,"Heaney, Andrew",105.17474404806572
217,606160,"Montero, Rafael",102.80938155148188
218,656353,"Davidson, Tucker",100.98692644901024
219,502202,"Boxberger, Brad",104.11051732382506
220,476595,"Luetge, Lucas",103.1640095614642
221,669212,"Morgan, Eli",106.20975208922532
222,642701,"Santana, Dennis",101.54590008976764
223,519293,"Smith, Will",106.84536005131643
224,501381,"Pineda, Michael",102.19124444503896
225,605280,"Holmes, Clay",102.6587996521253
226,453178,"Kennedy, Ian",104.50216481818748
227,641360,"Bickford, Phil",105.94944374777938
228,641927,"Ober, Bailey",105.30134114955152
229,670950,"Richards, Trevor",99.40732026311912
230,663986,"Stephan, Trevor",105.96320860076908
231,572193,"Tepera, Ryan",102.2802166141217
232,656557,"Houck, Tanner",102.6100016661294
233,642397,"Soto, Gregory",102.19754345667413
234,656354,"Davis, Austin",103.96871673665716
235,670912,"Oviedo, Johan",104.07289023609164
236,623451,"Stephens, Jackson",105.67942161236718
237,593576,"Neris, Hector",104.6575721022374
238,670167,"Schreiber, John",103.01590084226424
239,573124,"Rogers, Taylor",108.37015968499465
240,571710,"Givens, Mychal",103.06177338038438
241,621074,"Rucker, Michael",102.8099885845435
242,605447,"Romano, Jordan",107.9464287071161
243,594577,"Mayers, Mike",103.1063677587214
244,621363,"Poche, Colin",102.54146334611072
245,593974,"Peralta, Wandy",101.4306944745329
246,493603,"Ottavino, Adam",105.9045691984648
247,663855,"Hicks, Jordan",101.4683123140489
248,661395,"Duran, Jhoan",107.7120616854001
249,571670,"Floro, Dylan",105.45953923637444
250,656222,"Beeks, Jalen",103.88140681791232
251,657612,"Hill, Tim",101.11019003443027
252,518886,"Kimbrel, Craig",102.6346157431084
253,642152,"Trivino, Lou",102.94460671849562
254,657376,"Schmidt, Clarke",105.08557675504647
255,693821,"Elder, Bryce",101.77614188336752
256,617228,"Sawamura, Hirokazu",102.40256505704832
257,605177,"Chafin, Andrew",105.51524314400166
258,656685,"Martin, Brett",101.78224316805534
259,656638,"Lange, Alex",101.31558958967123
260,663765,"Woodford, Jake",104.12838480056996
261,656529,"Hentges, Sam",104.09925276461472
262,621389,"Blach, Ty",105.7317991226518
263,628452,"Iglesias, Raisel",104.32558700208206
264,669912,"Snead, Kirby",103.31896970927843
265,664123,"Effross, Scott",106.6377280135647
266,456713,"Bush, Matt",104.24238299495704
267,621383,"Banks, Tanner",106.96577838812748
268,656945,"Scott, Tanner",103.10143292913916
269,623149,"Sewald, Paul",104.69914579350733
270,453268,"Bard, Daniel",104.3898353053712
271,596057,"Norris, Daniel",102.00779371508357
272,573204,"Thielbar, Caleb",108.206634989924
273,608678,"Leone, Dominic",105.58371858681576
274,664199,"Clarke, Taylor",104.70853285268916
275,502085,"Robertson, David",104.8466134637909
276,455119,"Martin, Chris",107.63406185832352
277,650895,"Castillo, Diego",103.68591911373407
278,528748,"Castellanos, Humberto",102.49471959347493
279,674072,"Henry, Tommy",101.25570017642646
280,676714,"Hughes, Brandon",104.78829165466088
281,606149,"Gallegos, Giovanny",107.5635439834014
282,628708,"Marte, Yunior",102.99012710193568
283,656234,"Bird, Jake",101.93168069301947
284,676265,"Abbott, Cory",102.57098875746632
285,571927,"Matz, Steven",106.54874199618848
286,660813,"Graterol, Brusdar",106.90847908473503
287,518617,"Diekman, Jake",104.60183515723364
288,544727,"Familia, Jeurys",98.69693629094412
289,621051,"Wilson, Steven",105.27828222186724
290,592094,"Adam, Jason",106.51189505339072
291,623465,"Phillips, Evan",106.5043834124682
292,548384,"Raley, Brooks",106.2646102995744
293,641793,"Littell, Zack",105.73667319937093
294,641835,"Mayza, Tim",104.21166154221376
295,657649,"Koenig, Jared",101.47761476006347
296,656731,"Megill, Tylor",103.28528034922869
297,670036,"Festa, Matt",105.63893588443364
298,663423,"Thornton, Trent",103.97552525267812
299,641582,"Foster, Matt",103.45588847079522
300,669424,"Lambert, Jimmy",104.48612688686772
301,641726,"Jefferies, Daulton",101.93047537726632
302,572070,"Richards, Garrett",103.96584992436716
303,669674,"Long, Sam",101.98261101820958
304,669276,"Lee, Dylan",106.01591529909015
305,521230,"Hendriks, Liam",104.02929931991464
306,675921,"Howard, Spencer",102.44233999967857
307,666142,"Ragans, Cole",101.9795241121987
308,592773,"Stanek, Ryne",102.65802433861992
309,543272,"Hand, Brad",103.44097207799868
310,608648,"Duffey, Tyler",102.87650842858032
311,650556,"Abreu, Bryan",104.09072795228286
312,656730,"Megill, Trevor",104.76148365430892
313,489334,"Stammen, Craig",102.9950258696978
314,681806,"Wantz, Andrew",102.35626328766764
315,657044,"Thompson, Ryan",105.68148902885508
316,594798,"deGrom, Jacob",108.14020616777024
317,605538,"Wisler, Matt",105.11268636570811
318,676596,"Fleming, Josh",103.56447215299151
319,641627,"Gott, Trevor",102.74575074255768
320,647315,"Pop, Zach",103.79597464567406
321,459429,"McGee, Jake",104.871922045781
322,641401,"Brogdon, Connor",104.36201466517316
323,656546,"Hoffman, Jeff",101.0730000092608
324,571479,"Bellatti, Andrew",101.05195133119736
325,641501,"Danish, Tyler",102.68211873400315
326,666374,"Brash, Matt",104.12443120006692
327,664854,"Helsley, Ryan",105.50098274734674
328,641447,"Castano, Daniel",104.57713669747366
329,595345,"Okert, Steven",105.57101262160292
330,657024,"Swanson, Erik",107.76673862051622
331,670280,"Bednar, David",104.68141846814255
332,608349,"Knebel, Corey",101.1102816135587
333,596071,"Peters, Dillon",100.72851453850592
334,681911,"Vesia, Alex",103.7029058338048
335,456034,"Price, David",104.10477874208205
336,664875,"Lawrence, Justin",105.37165924862376
337,661269,"Gutierrez, Vladimir",99.81656667054288
338,596133,"Weaver, Luke",103.10443535404282
339,605194,"Cotton, Jharel",104.2742994822902
340,668948,"McCarty, Kirk",105.32285977190298
341,622098,"Smith, Drew",103.13048817345536
342,571656,"Farmer, Buck",100.67770913717652
343,621381,"Strahm, Matt",105.77715331052272
344,598264,"Barnes, Matt",103.20089319482008
345,554431,"Matzek, Tyler",101.69853282749372
346,650633,"King, Michael",104.97402520814296
347,665871,"Assad, Javier",101.8818489522648
348,594580,"Moll, Sam",104.3747371710508
349,621016,"Cuas, Jose",103.09400525397145
350,666721,"Castillo, Max",101.95379388208134
351,489119,"Miley, Wade",102.25668820375246
352,657508,"Baumann, Mike",102.60814659341489
353,667297,"Nance, Tommy",102.24207049546236
354,656457,"Gilbert, Tyler",102.74289364590682
355,669461,"Liberatore, Matthew",100.95405902467336
356,623352,"Hader, Josh",103.44162570371677
357,607179,"Weems, Jordan",103.69984594150075
358,676092,"Snider, Collin",100.7370306396603
359,680704,"Sandlin, Nick",104.3263698476629
360,642207,"Williams, Devin",103.30233100033588
361,503449,"Peralta, Wily",103.21239189092168
362,607237,"Garrett, Amir",102.42918495675644
363,656061,"Abreu, Albert",100.6345738721434
364,670990,"Ramirez, Yohan",104.15248936915584
365,656458,"Gilbreath, Lucas",101.79688220954156
366,656427,"Flaherty, Jack",100.87193931638704
367,663158,"Suarez, Robert",103.0239653917357
368,669459,"Nelson, Kyle",104.71289767955264
369,664294,"Moreta, Dauri",102.7350783038155
370,519151,"Pressly, Ryan",104.45226607143884
371,670970,"Morejon, Adrian",103.6354470218766
372,621295,"Wittgren, Nick",102.55267883042258
373,606625,"Moronta, Reyes",101.32539654551344
374,622251,"Staumont, Josh",101.4934478984049
375,676050,"Naughton, Packy",102.54762976618002
376,660730,"Rodriguez, Elvin",98.69456293970212
377,661527,"Martinez, Seth",104.9190843445702
378,605521,"Warren, Art",102.67181371991744
379,669618,"Barlow, Joe",104.54723785069594
380,667427,"Jackson, Zach",100.907645218516
381,640451,"Harvey, Hunter",104.70141620288176
382,686610,"Waldichuk, Ken",104.67377963465874
383,656818,"Overton, Connor",102.59758999459407
384,663485,"Sands, Cole",103.6884260166426
385,675627,"Grove, Michael",104.13579040474728
386,643290,"Dunn, Justin",100.93733307037296
387,664161,"Swarmer, Matt",99.90758347599036
388,661383,"Ortega, Oliver",103.3647056323644
389,501925,"Smith, Joe",105.04530841538032
390,668868,"Thompson, Zack",103.99067737168916
391,642121,"Sulser, Cole",102.9236575490182
392,676760,"Marinaccio, Ron",102.88006273488052
393,666214,"Wentz, Joey",101.2647341155581
394,664139,"Gibaut, Ian",101.84376666256058
395,663558,"Moran, Jovani",101.7532764441513
396,657265,"Strzelecki, Peter",105.10392635544018
397,681217,"Silseth, Chase",104.50491470426044
398,545343,"Head, Louis",102.0855194912376
399,523260,"Kelly, Joe",100.75973152112624
400,642028,"Rogers, Josh",101.32550954289738
401,672391,"Ort, Kaleb",103.48531345362332
402,607455,"Banda, Anthony",100.9592360113454
403,669713,"Wesneski, Hayden",107.08330242334816
404,686752,"Pepiot, Ryan",102.19502356821822
405,622075,"Almonte, Yency",104.25057126341925
406,656794,"Newcomb, Sean",101.11902617048648
407,547973,"Chapman, Aroldis",103.69194680687426
408,657240,"Merryweather, Julian",106.64976691041988
409,657571,"Ferguson, Caleb",104.17168004223872
410,664092,"Poppen, Sean",101.5211361021515
411,664337,"Yajure, Miguel",101.60073111781624
412,670090,"Mills, Wyatt",102.0574332303431
413,664948,"Misiewicz, Anthony",101.26180599902834
414,657272,"Uelmen, Erich",100.53972644443894
415,622065,"Young, Alex",103.72178607906405
416,547001,"Poteet, Cody",102.07481973655597
417,656464,"Ginkel, Kevin",105.9636990081543
418,658431,"Medina, Adonis",102.77390755356876
419,659275,"Lamet, Dinelson",101.93579620666398
420,685503,"Arihara, Kohei",100.13031832262752
421,594311,"Gustave, Jandel",106.49377169026468
422,612434,"Castro, Miguel",101.3934225884022
423,606131,"Perdomo, Luis",102.71974523316074
424,669160,"May, Dustin",102.78774272033635
425,663432,"Rainey, Tanner",103.56172509355883
426,623211,"Brazoban, Huascar",100.89382124954965
427,677865,"Bruihl, Justin",104.05578786994816
428,686973,"Varland, Louie",104.86244262949984
429,663546,"Hjelle, Sean",103.40318887267502
430,676194,"Tetreault, Jackson",100.6701930255724
431,621366,"Borucki, Ryan",102.22243775074487
432,669358,"Baz, Shane",101.1558540715508
433,666168,"Thompson, Mason",102.3569974567036
434,670059,"Holderman, Colin",99.89452426867705
435,570663,"Robles, Hansel",100.71448245855942
436,675916,"Karinchak, James",101.57901695692556
437,663989,"Vespi, Nick",103.86035143813014
438,592741,"Shreve, Chasen",105.65894727463292
439,607481,"Bummer, Aaron",101.02766001821183
440,606930,"Barnes, Jacob",103.03258558208036
441,665001,"Kelley, Trevor",102.99034565158983
442,592390,"Hembree, Heath",101.18441255123332
443,656986,"Sousa, Bennett",106.21322270661378
444,572403,"VerHagen, Drew",103.26723671775488
445,543101,"DeSclafani, Anthony",100.87453677919214
446,543507,"May, Trevor",100.95012450276212
447,663978,"Paddack, Chris",103.19614101213408
448,676641,"Sulser, Beau",104.0811338090766
449,676534,"Faucher, Calvin",103.95141903690444
450,657756,"Seabold, Connor",103.75538966395706
451,623485,"Goudeau, Ashton",98.71635476355172
452,656686,"Martin, Corbin",100.64503269872594
453,650204,"Ruiz, Norge",105.0525296079205
454,621219,"Mills, Alec",105.95814134480156
455,641755,"Kinley, Tyler",104.7687264266298
456,686753,"Jameson, Drey",102.38454237326476
457,488984,"Hunter, Tommy",105.7032555224046
458,668665,"Nogosek, Stephen",104.52052108954396
459,657770,"Stout, Eric",106.25676362002686
460,571882,"Law, Derek",104.36522428823356
461,663752,"Morris, Cody",102.28745438565578
462,656257,"Brigham, Jeff",106.16189474311092
463,596271,"Lawrence, Casey",108.5929717072212
464,593619,"Tapia, Domingo",101.19446474985922
465,608638,"Chargois, JT",106.13867547986747
466,502624,"Anderson, Chase",100.0680154809189
467,663465,"Allard, Kolby",102.05644808167884
468,592804,"Thornburg, Tyler",99.6589355080388
469,642770,"Guerra, Javy",101.70324229335831
470,642203,"Widener, Taylor",104.4374033551246
471,543339,"Hudson, Daniel",102.39417838590006
472,665625,"Peguero, Elvis",103.76289605907374
473,657053,"Toussaint, Touki",99.55511627155488
474,592473,"Kolarek, Adam",101.11091231249502
475,670810,"Gillaspie, Logan",103.08970933630223
476,663574,"Santillan, Tony",100.92390554289918
477,552640,"Kittredge, Andrew",104.29915107309373
478,666974,"Cano, Yennier",103.48145672284008
479,489265,"Romo, Sergio",100.78287460724376
480,642100,"Speier, Gabe",100.13984852937138
481,622250,"Sborz, Josh",103.92913103544426
482,543548,"Milone, Tommy",102.97406018073087
483,605151,"Bradley, Archie",100.44134075128368
484,681810,"Warren, Austin",102.52824637123555
485,642130,"Taylor, Blake",99.49173359117296
486,622786,"Tinoco, Jesus",105.64423269283849
487,621082,"Lemoine, Jacob",99.19250044191313
488,656803,"Norwood, James",104.03919943359163
489,650530,"Garcia, Bryan",101.95801598213288
490,663804,"Kowar, Jackson",98.06369178980854
491,608716,"Steckenrider, Drew",101.73420966719812
492,596082,"Reed, Jake",103.52469930970167
493,606965,"Devenski, Chris",104.98277286490298
494,669622,"Bender, Anthony",104.05198696076964
495,607229,"Gsellman, Robert",101.96086957775154
496,670955,"Uceta, Edwin",101.4246038757489
497,664076,"Cleavinger, Garrett",103.98149354553284
498,518397,"Alexander, Scott",104.4273239577066
499,686613,"Brown, Hunter",107.2475867598426
500,572125,"Selman, Sam",103.77594668626357
501,518748,"Grimm, Justin",102.69593226221372
502,664054,"Stashak, Cody",102.98925450937556
503,641871,"Middleton, Keynan",104.85617977588728
504,663773,"Hoeing, Bryan",101.65420511399326
505,543238,"Gose, Anthony",102.44173293607108
506,501625,"Alvarez, Jose",102.81535015691507
507,608652,"Farrell, Luke",100.21589816854744
508,660825,"Bazardo, Eduard",103.49335686120594
509,669194,"Nelson, Ryne",101.81813166754053
510,570488,"Valdez, Phillips",102.80383980164372
511,659262,"Espinoza, Anderson",95.13628632166645
512,667498,"Dugger, Robert",98.96364085568727
513,663385,"Smith, Chad",99.02162143779672
514,664126,"Fairbanks, Pete",107.8400327618282
515,646242,"Diaz, Jhonathan",96.65642696385024
516,677053,"Nardi, Andrew",104.14031478712344
517,661440,"Llovera, Mauricio",104.51936281031556
518,677161,"Kelly, Zack",101.2788738579316
519,621593,"Castro, Anthony",100.9645552137837
520,572703,"Bard, Luke",101.82622333169236
521,676637,"Sanders, Phoenix",109.51199856856076
522,663378,"Szapucki, Thomas",103.71699636682392
523,663753,"Knehr, Reiss",100.6690536854469
524,642231,"Yacabonis, Jimmy",104.06263984247204
525,643338,"Green, Chad",107.94850249628637
526,668941,"Romero, JoJo",98.76022878182728
527,605463,"Scott, Tayler",105.0461705425996
528,666205,"Muller, Kyle",106.21798590801228
529,665645,"Castro, Kervin",103.97678320322312
530,669084,"Hall, DL",105.71452883648227
531,663554,"Mize, Casey",100.03097702855
532,670288,"Fishman, Jake",108.80374514994182
533,667465,"Fletcher, Aaron",99.38327638959862
534,668338,"Miller, Tyson",100.0188090228661
535,672582,"Zerpa, Angel",99.03880948171556
536,676886,"Beasley, Jeremy",107.21273325599084
537,656954,"Sheffield, Justus",99.17355707562386
538,675540,"Curry, Xzavion",99.36154847462856
539,678692,"Henriquez, Ronny",99.46964995936524
540,676831,"Whitley, Kodi",106.66353971290602
541,676840,"Peacock, Matt",101.89434057407428
542,643400,"Knight, Dusten",102.26079615915788
543,656322,"Coonrod, Sam",104.89272153606954
544,656232,"Bielak, Brandon",102.3560207423034
545,643316,"Fry, Paul",101.9364896679704
546,572955,"Johnson, Pierce",102.3960982118888
547,543056,"Coulombe, Danny",102.57005415257174
548,605195,"Crick, Kyle",103.8181045680844
549,668873,"Kilian, Caleb",100.84452461186724
550,657585,"Garrett, Reed",99.38400796611698
551,605156,"Brooks, Aaron",102.8848342801641
552,670046,"Rosenberg, Kenny",99.0893436275132
553,664202,"Cyr, Tyler",102.6115517845345
554,518585,"Cruz, Fernando",104.02149342485836
555,543901,"Weber, Ryan",105.19030934564016
556,571446,"Appel, Mark",93.34699678592564
557,683769,"Gaddis, Hunter",98.97937040327557
558,571510,"Boyd, Matthew",106.2506034383494
559,657424,"Gage, Matt",104.31143327291956
560,663947,"Holton, Tyler",105.32485418631944
561,670329,"Garcia, Rico",99.59430490169238
562,669711,"Weissert, Greg",101.98034716509125
563,640470,"Alzolay, Adbert",107.2263084122117
564,592848,"Weiss, Zack",100.37002830797836
565,664942,"Naile, James",107.55483316052998
566,621079,"Wiles, Collin",102.76092692805264
567,656578,"Jackson, Andre",104.15115554506914
568,664776,"Cousins, Jake",104.77623583088824
569,681885,"Lee, Evan",97.26181224349614
570,672911,"Cruz, Jesus",104.98407780194748
571,621114,"Burr, Ryan",98.9807635359076
572,676720,"Romero, Tommy",103.35298646642688
573,623437,"Topa, Justin",100.3777952541836
574,660593,"Reyes, Denyi",109.25131220913818
575,663531,"Allen, Logan",101.3336628980043
576,643361,"Herget, Kevin",102.872369826404
577,664944,"Vieaux, Cam",102.18501086057366
578,592454,"Kahnle, Tommy",106.6835922587811
579,573668,"Minaya, Juan",103.71282805823093
580,656290,"Carlton, Drew",104.6605350362256
581,607644,"Means, John",102.56410415895633
582,643230,"Brault, Steven",99.23807512477129
583,641853,"McKay, David",101.94332597161171
584,664849,"Young, Danny",109.2111711202606
585,675912,"Lowther, Zac",96.30701870854934
586,676660,"Solomon, Jared",102.92517271738896
587,607457,"Barraclough, Kyle",102.19402138197714
588,676083,"Junk, Janson",102.76268183701342
589,660623,"Ynoa, Huascar",97.62487498493572
590,596043,"Mengden, Daniel",110.48729510844473
591,681799,"Roberts, Ethan",101.29339616873948
592,656492,"Griffin, Foster",99.901115791937
593,630023,"Chirinos, Yonny",105.43414448830548
594,489446,"Yates, Kirby",98.88259712561408
595,668684,"Tully, Tanner",98.1759524946441
596,607755,"Vasquez, Andrew",101.88179270032596
597,608348,"Kelly, Carson",135.7047378490178
598,641907,"Murphy, Patrick",100.66094236007238
599,607391,"Mazza, Chris",101.4674624141681
600,670426,"Diehl, Phillip",103.65594706872449
601,674681,"Plassmeyer, Michael",103.36802099830692
602,641682,"Hendrix, Ryan",101.0734853951382
603,664871,"Dowdy, Kyle",101.01115715190971
604,668970,"Hollowell, Gavin",100.62517815273198
605,669854,"Blanco, Ronel",103.70105251999836
606,608371,"Sims, Lucas",101.79692956190048
607,607359,"Patton, Spencer",102.8676884106265
608,641672,"Hatch, Thomas",106.76201033327402
609,595191,"Eickhoff, Jerad",104.69760301392118
610,592169,"Brice, Austin",105.1784023855679
611,644429,"Severino, Anderson",98.27733266209452
612,676974,"Meyer, Max",101.50570603381831
613,656786,"Mushinski, Parker",101.05660872182966
614,641394,"Brentz, Jake",98.40385196932031
615,663629,"Small, Ethan",94.15137960415171
616,519242,"Sale, Chris",98.39287565466572
617,663734,"Neidert, Nick",105.7540561404134
618,461325,"Clippard, Tyler",101.5263199049816
619,643524,"Schwindel, Frank",153.28074778918378
620,664584,"Romero, Jhon",105.49724729488238
621,686972,"Waites, Cole",107.01222689022268
622,673316,"Barker, Luke",107.24892794739446
623,621348,"Clay, Sam",99.665925885203
624,595939,"Ellis, Chris",95.03899825241784
625,571863,"Koch, Matt",101.72393872416606
626,642659,"Espinal, Raynel",102.43862464508062
627,681464,"German, Frank",103.1510460581099
628,544931,"Strasburg, Stephen",102.51149302568466
629,607192,"Glasnow, Tyler",105.22900381556713
630,678061,"Kerr, Ray",97.96769924308134
631,518813,"Holland, Greg",103.54463269001776
632,642048,"Saucedo, Tayler",100.40545503076498
633,543281,"Harrison, Josh",132.1796160012362
634,677960,"Weathers, Ryan",97.67742738994772
635,669093,"Estrada, Jeremiah",104.72031757484712
636,676103,"Jones, Damon",96.47926989551644
637,668834,"McGee, Easton",100.42028722752464
638,571946,"Miller, Shelby",109.36147578798304
639,642657,"Ogando, Cristofer",103.7788161264175
640,642239,"Zastryzny, Rob",105.75765690437728
641,666619,"Santos, Gregory",102.5348501319941
642,676917,"Cavalli, Cade",100.36446998936648
643,611093,"Bracho, Silvino",101.49723667291464
644,661563,"Gil, Luis",107.80088238567748
645,642060,"Sedlock, Cody",104.0706144706309
646,641914,"Neuse, Sheldon",114.55112579359788
647,668820,"Kranick, Max",97.51811165103982
648,676391,"Clement, Ernie",99.9601578853558
649,448281,"Doolittle, Sean",106.69681639134748
650,644374,"Chang, Yu",99.60240744127708
651,672839,"Morales, Francisco",98.82296029952327
652,658648,"Avila, Pedro",105.65152131709183
653,657514,"Bernardino, Brennan",99.73030774985196
654,667725,"Tyler, Kyle",94.80740164745944
655,649144,"Wells, Alex",108.620079612484
656,620443,"Torrens, Luis",83.27295813689128
657,641656,"Hamilton, Ian",93.33289433519325
658,624418,"Castellani, Ryan",109.77590049367096
659,592712,"Sadzeck, Connor",101.80701056308084
660,572888,"Greene, Shane",102.64693685133142
661,547184,"Kelly, Michael",106.8154118815059
662,622379,"Castillo, Luis",98.25809612881788
663,595014,"Treinen, Blake",103.63341617534788
664,642851,"Wynns, Austin",84.933684783747
665,660600,"Paredes, Enoli",101.92084216083748
666,622103,"Reyes, Gerardo",102.8314393630605
667,650960,"Duarte, Daniel",103.19151856895589
668,592222,"Claudio, Alex",98.43137603158316
669,681867,"Criswell, Cooper",106.25932498159004
670,688010,"Fisher, Nate",111.968587079286
671,656008,"Zabala, Aneurys",95.94805429426022
672,656548,"Holloway, Jordan",104.38474744136676
673,592743,"Simmons, Andrelton",98.46992427271732
674,571704,"Giles, Ken",104.93703120823622
675,608703,"Reynolds, Matt",114.55112579359788
676,572362,"Erlin, Robbie",100.59838744242356
677,673904,"Walsh, Jake",98.04170149267146
678,641312,"Anderson, Shaun",99.45065265956543
679,518586,"Culberson, Charlie",156.58930672006494
680,593140,"Feliz, Michael",96.45464854604997
681,656820,"Padilla, Nicholas",91.52103530914732
682,607572,"Howard, Sam",103.9765548758335
683,458677,"Wilson, Justin",106.26784598609308
684,660896,"Alcala, Jorge",103.6209040335633
685,670032,"Lopez, Nicky",94.05539814352612
686,642068,"Sheffield, Jordan",88.00854505169694
687,593160,"Merrifield, Whit",155.11203661947533
688,683232,"Mears, Nick",98.10373122654188
689,682016,"Woods, William",97.84001050311149
690,571917,"Markel, Parker",100.65643548930242
691,641531,"Dozier, Hunter",104.8691751149332
692,657697,"Nittoli, Vinny",108.40543073017189
693,641743,"Kay, Anthony",101.63607884798267
694,673258,"Baez, Michel",94.58587623366653
695,571616,"Dermody, Matt",105.9016657914162
696,572383,"Moran, Brian",116.7061269665753
697,608700,"Plawecki, Kevin",119.51483758258054
698,663893,"Little, Brendon",95.5817927533684
699,608686,"Mayfield, Jack",92.38626287848588
700,663562,"Davis, Noah",109.93792994645209
701,613534,"Adams, Austin",102.93213730470136
702,676766,"Snyder, Nick",95.10533439341135
703,543351,"Jackson, Jay",88.54285416524519
704,545341,"Grichuk, Randal",97.76125460326875
705,594838,"Gosselin, Phil",89.1635726788728
706,657745,"Rossman, Bubby",95.61344796216056
707,668800,"Knizner, Andrew",138.7697260977822
708,682027,"Alldred, Cam",107.19255120912362
709,663975,"Duron, Nick",101.605841317163
710,624512,"McGuire, Reese",100.98091164057
711,669214,"Menez, Conner",91.7532349829381
712,676206,"Tarnok, Freddy",108.22457625102037
713,663534,"Walters, Nash",97.27109771203858
714,502154,"Britton, Zack",87.56872837837385
715,670102,"Francis, Bowden",104.10792321274404
716,614177,"Reyes, Franmil",96.75971548567352
717,503556,"Gonzalez, Marwin",105.09821720732654
